-- MySQL Script generated by MySQL Workbench
-- Mon Oct 12 20:40:51 2020
-- Model: New Model    Version: 1.0
-- MySQL Workbench Forward Engineering

SET @OLD_UNIQUE_CHECKS=@@UNIQUE_CHECKS, UNIQUE_CHECKS=0;
SET @OLD_FOREIGN_KEY_CHECKS=@@FOREIGN_KEY_CHECKS, FOREIGN_KEY_CHECKS=0;
SET @OLD_SQL_MODE=@@SQL_MODE, SQL_MODE='ONLY_FULL_GROUP_BY,STRICT_TRANS_TABLES,NO_ZERO_IN_DATE,NO_ZERO_DATE,ERROR_FOR_DIVISION_BY_ZERO,NO_ENGINE_SUBSTITUTION';

-- -----------------------------------------------------
-- Schema mydb
-- -----------------------------------------------------

-- -----------------------------------------------------
-- Schema mydb
-- -----------------------------------------------------
CREATE SCHEMA IF NOT EXISTS `mydb` DEFAULT CHARACTER SET utf8 ;
USE `mydb` ;

-- -----------------------------------------------------
-- Table `mydb`.`admin`
-- -----------------------------------------------------
DROP TABLE IF EXISTS `mydb`.`admin` ;

CREATE TABLE IF NOT EXISTS `mydb`.`admin` (
  `id` INT NOT NULL AUTO_INCREMENT,
  `login` VARCHAR(16) NOT NULL,
  `password` VARCHAR(64) NOT NULL,
  `first_name` VARCHAR(32) CHARACTER SET 'cp1251' COLLATE 'cp1251_ukrainian_ci' NOT NULL,
  `last_name` VARCHAR(32) CHARACTER SET 'cp1251' COLLATE 'cp1251_ukrainian_ci' NOT NULL,
  `id_number` VARCHAR(16) NOT NULL,
  `locale` VARCHAR(10) NOT NULL DEFAULT 'ua',
  `active` TINYINT NOT NULL DEFAULT 1,
  PRIMARY KEY (`id`))
ENGINE = InnoDB;


-- -----------------------------------------------------
-- Table `mydb`.`category`
-- -----------------------------------------------------
DROP TABLE IF EXISTS `mydb`.`category` ;

CREATE TABLE IF NOT EXISTS `mydb`.`category` (
  `id` INT NOT NULL AUTO_INCREMENT,
  `name_ua` VARCHAR(64) CHARACTER SET 'cp1251' COLLATE 'cp1251_ukrainian_ci' NOT NULL,
  `name_en` VARCHAR(64) NOT NULL,
  `name_ru` VARCHAR(64) CHARACTER SET 'cp1251' NOT NULL,
  PRIMARY KEY (`id`))
ENGINE = InnoDB;


-- -----------------------------------------------------
-- Table `mydb`.`personal_role`
-- -----------------------------------------------------
DROP TABLE IF EXISTS `mydb`.`personal_role` ;

CREATE TABLE IF NOT EXISTS `mydb`.`personal_role` (
  `id` INT NOT NULL AUTO_INCREMENT,
  `name_ua` VARCHAR(32) CHARACTER SET 'cp1251' COLLATE 'cp1251_ukrainian_ci' NOT NULL,
  `name_en` VARCHAR(32) NOT NULL,
  `name_ru` VARCHAR(32) CHARACTER SET 'cp1251' NOT NULL,
  PRIMARY KEY (`id`))
ENGINE = InnoDB;


-- -----------------------------------------------------
-- Table `mydb`.`personal`
-- -----------------------------------------------------
DROP TABLE IF EXISTS `mydb`.`personal` ;

CREATE TABLE IF NOT EXISTS `mydb`.`personal` (
  `id` INT NOT NULL AUTO_INCREMENT,
  `login` VARCHAR(16) NOT NULL,
  `password` VARCHAR(64) NOT NULL,
  `first_name` VARCHAR(32) CHARACTER SET 'cp1251' COLLATE 'cp1251_ukrainian_ci' NOT NULL,
  `last_name` VARCHAR(32) CHARACTER SET 'cp1251' COLLATE 'cp1251_ukrainian_ci' NOT NULL,
  `id_number` VARCHAR(16) NOT NULL,
  `locale` VARCHAR(10) NOT NULL DEFAULT 'ua',
  `active` TINYINT NOT NULL DEFAULT 1,
  `category_id` INT NOT NULL,
  `personal_role_id` INT NOT NULL,
  `nurse_id` INT NULL,
  PRIMARY KEY (`id`),
  UNIQUE INDEX `id_UNIQUE` (`id` ASC) VISIBLE,
  UNIQUE INDEX `login_UNIQUE` (`login` ASC) VISIBLE,
  INDEX `fk_doctor_category1_idx` (`category_id` ASC) VISIBLE,
  INDEX `fk_personal_personal_role2_idx` (`personal_role_id` ASC) VISIBLE,
  INDEX `fk_personal_personal1_idx` (`nurse_id` ASC) VISIBLE,
  CONSTRAINT `fk_doctor_category1`
    FOREIGN KEY (`category_id`)
    REFERENCES `mydb`.`category` (`id`)
    ON DELETE RESTRICT
    ON UPDATE CASCADE,
  CONSTRAINT `fk_personal_personal_role2`
    FOREIGN KEY (`personal_role_id`)
    REFERENCES `mydb`.`personal_role` (`id`)
    ON DELETE RESTRICT
    ON UPDATE CASCADE,
  CONSTRAINT `fk_personal_personal1`
    FOREIGN KEY (`nurse_id`)
    REFERENCES `mydb`.`personal` (`id`)
    ON DELETE SET NULL
    ON UPDATE CASCADE)
ENGINE = InnoDB;


-- -----------------------------------------------------
-- Table `mydb`.`med_card`
-- -----------------------------------------------------
DROP TABLE IF EXISTS `mydb`.`med_card` ;

CREATE TABLE IF NOT EXISTS `mydb`.`med_card` (
  `id` INT NOT NULL AUTO_INCREMENT,
  PRIMARY KEY (`id`))
ENGINE = InnoDB;


-- -----------------------------------------------------
-- Table `mydb`.`patient`
-- -----------------------------------------------------
DROP TABLE IF EXISTS `mydb`.`patient` ;

CREATE TABLE IF NOT EXISTS `mydb`.`patient` (
  `id` INT NOT NULL AUTO_INCREMENT,
  `login` VARCHAR(16) NOT NULL,
  `password` VARCHAR(64) NOT NULL,
  `first_name` VARCHAR(32) CHARACTER SET 'cp1251' COLLATE 'cp1251_ukrainian_ci' NOT NULL,
  `last_name` VARCHAR(32) CHARACTER SET 'cp1251' COLLATE 'cp1251_ukrainian_ci' NOT NULL,
  `id_number` VARCHAR(16) NOT NULL,
  `birthday` DATE NOT NULL,
  `locale` VARCHAR(10) NOT NULL DEFAULT 'ua',
  `med_card_id` INT NULL,
  `application` VARCHAR(255) NULL,
  PRIMARY KEY (`id`),
  UNIQUE INDEX `id_UNIQUE` (`id` ASC) VISIBLE,
  UNIQUE INDEX `login_UNIQUE` (`login` ASC) VISIBLE,
  INDEX `fk_patient_med_card1_idx` (`med_card_id` ASC) VISIBLE,
  CONSTRAINT `fk_patient_med_card1`
    FOREIGN KEY (`med_card_id`)
    REFERENCES `mydb`.`med_card` (`id`)
    ON DELETE RESTRICT
    ON UPDATE CASCADE)
ENGINE = InnoDB;


-- -----------------------------------------------------
-- Table `mydb`.`patient_has_doctor`
-- -----------------------------------------------------
DROP TABLE IF EXISTS `mydb`.`patient_has_doctor` ;

CREATE TABLE IF NOT EXISTS `mydb`.`patient_has_doctor` (
  `patient_id` INT NOT NULL,
  `doctor_id` INT NOT NULL,
  `admin_id` INT NOT NULL,
  PRIMARY KEY (`patient_id`, `doctor_id`),
  INDEX `fk_patient_has_doctor_doctor1_idx` (`doctor_id` ASC) VISIBLE,
  INDEX `fk_patient_has_doctor_patient1_idx` (`patient_id` ASC) VISIBLE,
  INDEX `fk_patient_has_doctor_admin1_idx` (`admin_id` ASC) VISIBLE,
  CONSTRAINT `fk_patient_has_doctor_patient1`
    FOREIGN KEY (`patient_id`)
    REFERENCES `mydb`.`patient` (`id`)
    ON DELETE RESTRICT
    ON UPDATE CASCADE,
  CONSTRAINT `fk_patient_has_doctor_doctor1`
    FOREIGN KEY (`doctor_id`)
    REFERENCES `mydb`.`personal` (`id`)
    ON DELETE RESTRICT
    ON UPDATE CASCADE,
  CONSTRAINT `fk_patient_has_doctor_admin1`
    FOREIGN KEY (`admin_id`)
    REFERENCES `mydb`.`admin` (`id`)
    ON DELETE RESTRICT
    ON UPDATE CASCADE)
ENGINE = InnoDB;


-- -----------------------------------------------------
-- Table `mydb`.`entry_type`
-- -----------------------------------------------------
DROP TABLE IF EXISTS `mydb`.`entry_type` ;

CREATE TABLE IF NOT EXISTS `mydb`.`entry_type` (
  `id` INT NOT NULL AUTO_INCREMENT,
  `name_ua` VARCHAR(32) NOT NULL,
  `name_en` VARCHAR(32) NOT NULL,
  `name_ru` VARCHAR(32) NOT NULL,
  PRIMARY KEY (`id`))
ENGINE = InnoDB;


-- -----------------------------------------------------
-- Table `mydb`.`prescription`
-- -----------------------------------------------------
DROP TABLE IF EXISTS `mydb`.`prescription` ;

CREATE TABLE IF NOT EXISTS `mydb`.`prescription` (
  `id` INT NOT NULL AUTO_INCREMENT,
  `medicine` VARCHAR(255) NULL,
  `procedure` VARCHAR(255) NULL,
  `surgery` VARCHAR(255) NULL,
  PRIMARY KEY (`id`))
ENGINE = InnoDB;


-- -----------------------------------------------------
-- Table `mydb`.`card_entry`
-- -----------------------------------------------------
DROP TABLE IF EXISTS `mydb`.`card_entry` ;

CREATE TABLE IF NOT EXISTS `mydb`.`card_entry` (
  `id` INT NOT NULL AUTO_INCREMENT,
  `create_time` TIMESTAMP NOT NULL DEFAULT CURRENT_TIMESTAMP,
  `personal_id` INT NOT NULL,
  `entry_type_id` INT NOT NULL,
  `med_card_id` INT NOT NULL,
  `symptoms` TEXT NULL,
  `note` TEXT NULL,
  `diagnosis` VARCHAR(255) NULL,
  `prescription_id` INT NULL,
  PRIMARY KEY (`id`),
  INDEX `fk_record_med_card1_idx` (`med_card_id` ASC) VISIBLE,
  INDEX `fk_record_record_type1_idx` (`entry_type_id` ASC) VISIBLE,
  INDEX `fk_record_prescription1_idx` (`prescription_id` ASC) VISIBLE,
  INDEX `fk_record_doctor1_idx` (`personal_id` ASC) VISIBLE,
  CONSTRAINT `fk_record_med_card1`
    FOREIGN KEY (`med_card_id`)
    REFERENCES `mydb`.`med_card` (`id`)
    ON DELETE RESTRICT
    ON UPDATE CASCADE,
  CONSTRAINT `fk_record_record_type1`
    FOREIGN KEY (`entry_type_id`)
    REFERENCES `mydb`.`entry_type` (`id`)
    ON DELETE RESTRICT
    ON UPDATE CASCADE,
  CONSTRAINT `fk_record_prescription1`
    FOREIGN KEY (`prescription_id`)
    REFERENCES `mydb`.`prescription` (`id`)
    ON DELETE RESTRICT
    ON UPDATE CASCADE,
  CONSTRAINT `fk_record_doctor1`
    FOREIGN KEY (`personal_id`)
    REFERENCES `mydb`.`personal` (`id`)
    ON DELETE RESTRICT
    ON UPDATE CASCADE)
ENGINE = InnoDB;


SET SQL_MODE=@OLD_SQL_MODE;
SET FOREIGN_KEY_CHECKS=@OLD_FOREIGN_KEY_CHECKS;
SET UNIQUE_CHECKS=@OLD_UNIQUE_CHECKS;

-- -----------------------------------------------------
-- Data for table `mydb`.`admin`
-- -----------------------------------------------------
START TRANSACTION;
USE `mydb`;
INSERT INTO `mydb`.`admin` (`id`, `login`, `password`, `first_name`, `last_name`, `id_number`, `locale`, `active`) VALUES (1, 'admin001', '2061052a700869601bd59ce88f297ac5aba83a652ce80506fdf5f2ec38b56d3d', 'Ілля', 'Іллєнко', '0000000000', 'ua', DEFAULT);
INSERT INTO `mydb`.`admin` (`id`, `login`, `password`, `first_name`, `last_name`, `id_number`, `locale`, `active`) VALUES (2, 'admin002', '4ffa3b34ffd106bd3d2cb64414e661219bd489c6c2a9a9d2ad2e4ca51888683e', 'Володимир', 'Коваленко', '1234567890', 'en', DEFAULT);

COMMIT;


-- -----------------------------------------------------
-- Data for table `mydb`.`category`
-- -----------------------------------------------------
START TRANSACTION;
USE `mydb`;
INSERT INTO `mydb`.`category` (`id`, `name_ua`, `name_en`, `name_ru`) VALUES (DEFAULT, 'Алерголог', 'Allergist', 'Аллерголог');
INSERT INTO `mydb`.`category` (`id`, `name_ua`, `name_en`, `name_ru`) VALUES (DEFAULT, 'Венеролог', 'Venereologist', 'Венеролог');
INSERT INTO `mydb`.`category` (`id`, `name_ua`, `name_en`, `name_ru`) VALUES (DEFAULT, 'Гастроентеролог', 'Gastroenterologist', 'Гастроэнтеролог');
INSERT INTO `mydb`.`category` (`id`, `name_ua`, `name_en`, `name_ru`) VALUES (DEFAULT, 'Дерматолог', 'Dermatologist', 'Дерматолог');
INSERT INTO `mydb`.`category` (`id`, `name_ua`, `name_en`, `name_ru`) VALUES (DEFAULT, 'Дантист', 'Dentist', 'Дантист');
INSERT INTO `mydb`.`category` (`id`, `name_ua`, `name_en`, `name_ru`) VALUES (DEFAULT, 'Кардіолог', 'Cardiologist', 'Кардиолог');
INSERT INTO `mydb`.`category` (`id`, `name_ua`, `name_en`, `name_ru`) VALUES (DEFAULT, 'Педіатр', 'Pediatrician', 'Педиатр');
INSERT INTO `mydb`.`category` (`id`, `name_ua`, `name_en`, `name_ru`) VALUES (DEFAULT, 'Уролог', 'Urologist', 'Уролог');
INSERT INTO `mydb`.`category` (`id`, `name_ua`, `name_en`, `name_ru`) VALUES (DEFAULT, 'Невролог', 'Neurologist', 'Невролог');

COMMIT;


-- -----------------------------------------------------
-- Data for table `mydb`.`personal_role`
-- -----------------------------------------------------
START TRANSACTION;
USE `mydb`;
INSERT INTO `mydb`.`personal_role` (`id`, `name_ua`, `name_en`, `name_ru`) VALUES (DEFAULT, 'Лікар', 'Doctor', 'Доктор');
INSERT INTO `mydb`.`personal_role` (`id`, `name_ua`, `name_en`, `name_ru`) VALUES (DEFAULT, 'Медсестра', 'Nurse', 'Медсестра');

COMMIT;


-- -----------------------------------------------------
-- Data for table `mydb`.`personal`
-- -----------------------------------------------------
START TRANSACTION;
USE `mydb`;
INSERT INTO `mydb`.`personal` (`id`, `login`, `password`, `first_name`, `last_name`, `id_number`, `locale`, `active`, `category_id`, `personal_role_id`, `nurse_id`) VALUES (1, 'ivanov', '62ea61c1ede0a56c8dc04becf4a3c325289031e8e532a947b1e83d9a4a31d1d1', 'Іван', 'Іванов', '0111111111', 'en', DEFAULT, 1, 1, NULL);
INSERT INTO `mydb`.`personal` (`id`, `login`, `password`, `first_name`, `last_name`, `id_number`, `locale`, `active`, `category_id`, `personal_role_id`, `nurse_id`) VALUES (2, 'petrov', 'ee5476fbf147bbb95ac151fdfc35b522aed64d5899f9a649bc4e3e9d5f69f79d', 'Петро', 'Петренко', '0222222222', 'ua', DEFAULT, 2, 1, NULL);
INSERT INTO `mydb`.`personal` (`id`, `login`, `password`, `first_name`, `last_name`, `id_number`, `locale`, `active`, `category_id`, `personal_role_id`, `nurse_id`) VALUES (3, 'shevchenko', 'b2822d09863f554aacd57ee93b3a429a15d512bbd78a6695c0a6b9303f8bd773', 'Василина', 'Шевченко', '0333333333', 'ua', DEFAULT, 1, 2, NULL);
INSERT INTO `mydb`.`personal` (`id`, `login`, `password`, `first_name`, `last_name`, `id_number`, `locale`, `active`, `category_id`, `personal_role_id`, `nurse_id`) VALUES (4, 'vasylenko', '49fb8b8e3b23fbb89fbb3c332d2c60dd5f6ba77d035563f92b3857c16a122576', 'Василь', 'Василенко', '0444444444', DEFAULT, DEFAULT, 3, 1, NULL);
INSERT INTO `mydb`.`personal` (`id`, `login`, `password`, `first_name`, `last_name`, `id_number`, `locale`, `active`, `category_id`, `personal_role_id`, `nurse_id`) VALUES (5, 'andriyenko', 'b587532e1d8941f35f3c6de615447cbfae8dcb80edb4e15e07ebc02cdfea06aa', 'Андрій', 'Андрієнко', '0555555555', DEFAULT, 0, 3, 1, NULL);
INSERT INTO `mydb`.`personal` (`id`, `login`, `password`, `first_name`, `last_name`, `id_number`, `locale`, `active`, `category_id`, `personal_role_id`, `nurse_id`) VALUES (6, 'kuharchuk', 'aae30761be8dae74b0dd79542e2b47ed796bf6cbea318b435eeb3ed9c5324baa', 'Святослав', 'Кухарчук', '0666666666', DEFAULT, DEFAULT, 4, 1, NULL);
INSERT INTO `mydb`.`personal` (`id`, `login`, `password`, `first_name`, `last_name`, `id_number`, `locale`, `active`, `category_id`, `personal_role_id`, `nurse_id`) VALUES (7, 'korol', '97c82ce43f39516806949572f118f47fca3d98b98d48e4a0e3ac705d5e1990a8', 'Анна', 'Король', '0777777777', DEFAULT, DEFAULT, 4, 2, NULL);
INSERT INTO `mydb`.`personal` (`id`, `login`, `password`, `first_name`, `last_name`, `id_number`, `locale`, `active`, `category_id`, `personal_role_id`, `nurse_id`) VALUES (8, 'dorofenko', '16ce88172024a7491e0a4f4c555c785d4ad5a4a9f4daf986d4629731f5664606', 'Надія', 'Дорофенко', '0888888888', DEFAULT, DEFAULT, 5, 1, NULL);
INSERT INTO `mydb`.`personal` (`id`, `login`, `password`, `first_name`, `last_name`, `id_number`, `locale`, `active`, `category_id`, `personal_role_id`, `nurse_id`) VALUES (9, 'zibrenko', '8b60f2d7b23715467172c01e76fcf5827765dc560ef0f1e7fd942cd0bfdd7c6f', 'Павло', 'Зібренко', '0999999999', DEFAULT, DEFAULT, 6, 1, NULL);
INSERT INTO `mydb`.`personal` (`id`, `login`, `password`, `first_name`, `last_name`, `id_number`, `locale`, `active`, `category_id`, `personal_role_id`, `nurse_id`) VALUES (10, 'bobulenko', '2c5533712149331f2dfd97abacaa921a19e43d4f5c482a7b6b20dea46161f3e2', 'Іван', 'Бобуленко', '0011111111', DEFAULT, DEFAULT, 6, 1, NULL);
INSERT INTO `mydb`.`personal` (`id`, `login`, `password`, `first_name`, `last_name`, `id_number`, `locale`, `active`, `category_id`, `personal_role_id`, `nurse_id`) VALUES (11, 'lunko', 'fe59c8ae99f9be046b5194fa8298dff0dabab185cfb8a29b62a50e221e663ec7', 'Валентина', 'Лунько', '0022222222', DEFAULT, DEFAULT, 6, 2, NULL);
INSERT INTO `mydb`.`personal` (`id`, `login`, `password`, `first_name`, `last_name`, `id_number`, `locale`, `active`, `category_id`, `personal_role_id`, `nurse_id`) VALUES (12, 'grygorenko', 'a9621d8bbd36a337778c8b159894f52d21a374601dd239d5372ebe1ddafee8a5', 'Анатолій', 'Григоренко', '0033333333', DEFAULT, DEFAULT, 7, 1, NULL);

COMMIT;


-- -----------------------------------------------------
-- Data for table `mydb`.`med_card`
-- -----------------------------------------------------
START TRANSACTION;
USE `mydb`;
INSERT INTO `mydb`.`med_card` (`id`) VALUES (1);
INSERT INTO `mydb`.`med_card` (`id`) VALUES (2);
INSERT INTO `mydb`.`med_card` (`id`) VALUES (3);
INSERT INTO `mydb`.`med_card` (`id`) VALUES (4);
INSERT INTO `mydb`.`med_card` (`id`) VALUES (5);
INSERT INTO `mydb`.`med_card` (`id`) VALUES (6);
INSERT INTO `mydb`.`med_card` (`id`) VALUES (7);
INSERT INTO `mydb`.`med_card` (`id`) VALUES (8);
INSERT INTO `mydb`.`med_card` (`id`) VALUES (9);
INSERT INTO `mydb`.`med_card` (`id`) VALUES (10);
INSERT INTO `mydb`.`med_card` (`id`) VALUES (11);

COMMIT;


-- -----------------------------------------------------
-- Data for table `mydb`.`patient`
-- -----------------------------------------------------
START TRANSACTION;
USE `mydb`;
INSERT INTO `mydb`.`patient` (`id`, `login`, `password`, `first_name`, `last_name`, `id_number`, `birthday`, `locale`, `med_card_id`, `application`) VALUES (1, 'hvoriy', 'dac536789afebc7b595221d0de89a34af2f15e216e09c2b02aefe900ad89bc67', 'Василь', 'Хворий', '6666666666', '1980-01-01', 'ua', 1, NULL);
INSERT INTO `mydb`.`patient` (`id`, `login`, `password`, `first_name`, `last_name`, `id_number`, `birthday`, `locale`, `med_card_id`, `application`) VALUES (2, 'vazhkiy', 'd667d24ace05bf53bee18ebecc4be8ccbc3fff355125a910b83b4e3520c95460', 'Микола', 'Великий', '7777777777', '1990-12-12', 'en', 2, NULL);
INSERT INTO `mydb`.`patient` (`id`, `login`, `password`, `first_name`, `last_name`, `id_number`, `birthday`, `locale`, `med_card_id`, `application`) VALUES (DEFAULT, 'potapenko', '7e9144653140f39cc277f335b8cea3503beaf875a732ec218132b4cc1ec121a1', 'Потап', 'Потапенко', '1222222222', '1989-05-23', DEFAULT, 3, NULL);
INSERT INTO `mydb`.`patient` (`id`, `login`, `password`, `first_name`, `last_name`, `id_number`, `birthday`, `locale`, `med_card_id`, `application`) VALUES (DEFAULT, 'klochko', '61721b77a47dae00d105e88ec5987cb8932b96175d1cdb22f7bbcc92f262c114', 'Валентина', 'Клочко', '1333333333', '1986-01-06', DEFAULT, 4, NULL);
INSERT INTO `mydb`.`patient` (`id`, `login`, `password`, `first_name`, `last_name`, `id_number`, `birthday`, `locale`, `med_card_id`, `application`) VALUES (DEFAULT, 'franko', '159c7c50fcf32b2c1c0fff91c0202228307417204ec8c539ab8cbbf5f7cf9c67', 'Аліна', 'Франко', '1444444444', '1976-06-07', DEFAULT, 5, NULL);
INSERT INTO `mydb`.`patient` (`id`, `login`, `password`, `first_name`, `last_name`, `id_number`, `birthday`, `locale`, `med_card_id`, `application`) VALUES (DEFAULT, 'kotenko', '395b7439671c18c00a01588ca0fdba4386348c3d10fe5e4f39806641b84b179d', 'Клара', 'Котенко', '1555555555', '1964-02-02', DEFAULT, 6, NULL);
INSERT INTO `mydb`.`patient` (`id`, `login`, `password`, `first_name`, `last_name`, `id_number`, `birthday`, `locale`, `med_card_id`, `application`) VALUES (DEFAULT, 'pesenko', '224199ce7f412b12b09759cd064e39acf6ca9b05498e10ea9525ff97a00c0768', 'Федір', 'Песенко', '1666666666', '1998-06-07', DEFAULT, 7, NULL);
INSERT INTO `mydb`.`patient` (`id`, `login`, `password`, `first_name`, `last_name`, `id_number`, `birthday`, `locale`, `med_card_id`, `application`) VALUES (DEFAULT, 'vaclik', 'f7a3a8c3b83ec9961dcf3cd543e5184f861676739fc753dab11305eaa1002aa4', 'Кшіштоф', 'Вацлік', '1777777777', '1948-02-06', DEFAULT, 8, NULL);
INSERT INTO `mydb`.`patient` (`id`, `login`, `password`, `first_name`, `last_name`, `id_number`, `birthday`, `locale`, `med_card_id`, `application`) VALUES (DEFAULT, 'hachulescu', '70f45b4298d0c7b58847f86943bb5151aa8782d179f90235cbf962523ce25df1', 'Марина', 'Хачулеску', '1888888888', '1991-04-05', DEFAULT, 9, NULL);
INSERT INTO `mydb`.`patient` (`id`, `login`, `password`, `first_name`, `last_name`, `id_number`, `birthday`, `locale`, `med_card_id`, `application`) VALUES (DEFAULT, 'shtanko', '602018c21a79f304cf1742a2774353bad0920e0fe8f07f8928c752010baa88cb', 'Віктор', 'Штанько', '1999999999', '1969-06-01', DEFAULT, 10, NULL);
INSERT INTO `mydb`.`patient` (`id`, `login`, `password`, `first_name`, `last_name`, `id_number`, `birthday`, `locale`, `med_card_id`, `application`) VALUES (DEFAULT, 'taran', '8b6ca5fbb66590f6ee949952d65897266eb23427df278bf0d5ce425bcfdad44f', 'Аркадій', 'Таран', '1000000000', '1989-03-04', DEFAULT, 11, NULL);

COMMIT;


-- -----------------------------------------------------
-- Data for table `mydb`.`patient_has_doctor`
-- -----------------------------------------------------
START TRANSACTION;
USE `mydb`;
INSERT INTO `mydb`.`patient_has_doctor` (`patient_id`, `doctor_id`, `admin_id`) VALUES (1, 1, 1);
INSERT INTO `mydb`.`patient_has_doctor` (`patient_id`, `doctor_id`, `admin_id`) VALUES (2, 2, 2);

COMMIT;


-- -----------------------------------------------------
-- Data for table `mydb`.`entry_type`
-- -----------------------------------------------------
START TRANSACTION;
USE `mydb`;
INSERT INTO `mydb`.`entry_type` (`id`, `name_ua`, `name_en`, `name_ru`) VALUES (DEFAULT, 'прийом', 'appointment', 'прием');
INSERT INTO `mydb`.`entry_type` (`id`, `name_ua`, `name_en`, `name_ru`) VALUES (DEFAULT, 'процедура', 'procedure', 'процедура');
INSERT INTO `mydb`.`entry_type` (`id`, `name_ua`, `name_en`, `name_ru`) VALUES (DEFAULT, 'виписка', 'discharge', 'выписка');

COMMIT;


-- -----------------------------------------------------
-- Data for table `mydb`.`prescription`
-- -----------------------------------------------------
START TRANSACTION;
USE `mydb`;
INSERT INTO `mydb`.`prescription` (`id`, `medicine`, `procedure`, `surgery`) VALUES (1, 'цитрамон', NULL, NULL);

COMMIT;


-- -----------------------------------------------------
-- Data for table `mydb`.`card_entry`
-- -----------------------------------------------------
START TRANSACTION;
USE `mydb`;
INSERT INTO `mydb`.`card_entry` (`id`, `create_time`, `personal_id`, `entry_type_id`, `med_card_id`, `symptoms`, `note`, `diagnosis`, `prescription_id`) VALUES (1, DEFAULT, 1, 1, 1, 'Головний біль', NULL, 'Мігрень', 1);

COMMIT;

